102-203 Sunset Cir,102,Sunset,Cir
106 Nut Bush Rd,106,Nut Bush,Rd
1102 Summit Ave,1102,Summit,Ave
1107 Omaha St,1107,Omaha,St
1110 Omaha St,1110,Omaha,St
1115 Stephens St,1115,ephens,St
1115 Tuscaloosa St,1115,Tuscaloosa,St
1118 Rucker St,1118,Rucker,St
1203 Hickory Ave,1203,Hickory,Ave
1208 Eton Dr,1208,Eton,Dr
1208 Vine St,1208,Vine,St
1214 Homeland Ave,1214,Homeland,Ave
1215 Kindley St,1215,Kindley,St
1303 Ashe St,1303,Ashe,St
1304 Valleyview St,1304,Valleyview,St
1305 Bridford Pkwy,1305,Bridford,Pkwy
1308 Cypress St,1308,Cypress,St
1308 Elmer St,1308,Elmer,St
1309 Lexington Ave,1309,Lexington,Ave
1309 Lexington Ave,1309,Lexington,Ave
1309 Oak St,1309,Oak,St
1310 Ardmore Dr,1310,Ardmore,Dr
1310-M Fleming Rd,1310,Fleming,Rd
1311 Ardmore Dr,1311,Ardmore,Dr
1314 Joyce St,1314,Joyce,St
1314 Lees Chapel Rd,1314,Lees Chapel,Rd
1317 Cypress St,1317,Cypress,St
1327 Lion St,1327,Lion,St
1373 Lees Chapel Rd,1373,Lees Chapel,Rd
1373-B105 Lees Chapel Rd,1373,Lees Chapel,Rd
1373-F302 Lees Chapel Rd,1373,Lees Chapel,Rd
1373-F306 Lees Chapel Rd,1373,Lees Chapel,Rd
1373-J107 Lees Chapel Rd,1373,Lees Chapel,Rd
1373-J304 Lees Chapel Rd,1373,Lees Chapel,Rd
1373-Q203 Lees Chapel Rd,1373,Lees Chapel,Rd
1400 Larchmont Dr,1400,Larchmont,Dr
1402 Cypress St,1402,Cypress,St
1402 Town St,1402,Town,St
1403 Cypress St,1403,Cypress,St
1405 Town St,1405,Town,St
1420 Larchmont Dr,1420,Larchmont,Dr
1421 E Cone Blvd,1421,E Cone,Blvd
1501 Kay St,1501,Kay,St
1503 Independence Rd,1503,Independence,Rd
1505 Gorrell St,1505,Gorrell,St
1505 Pichard St,1505,Pichard,St
1507 Avalon Rd,1507,Avalon,Rd
1507 Gorrell St,1507,Gorrell,St
1507-A Glenside Dr,1507,Glenside,Dr
1509 Ward St,1509,Ward,St
1531 Willomore St,1531,Willomore,St
1601 Alice Ave,1601,Alice,Ave
1601 E Washington St,1601,E Washington,St
1605 Trogdon St,1605,Trogdon,St
1606 Midway St,1606,Midway,St
1607 Foxhollow Rd,1607,Foxhollow,Rd
1607 Hooks St,1607,Hooks,St
1611 Seventeenth St,1611,Seventeenth,St
1620 Glenwood Ave,1620,Glenwood,Ave
1702 Hertford St,1702,Hertford,St
1702 Trogdon St,1702,Trogdon,St
1705 Bearhollow Rd,1705,Bearhollow,Rd
1706 Hertford St,1706,Hertford,St
1709 Hertford St,1709,Hertford,St
1715 Hertford St,1715,Hertford,St
1717 Bearhollow Rd,1717,Bearhollow,Rd
1724 Hertford St,1724,Hertford,St
1803 Pleasant Ridge Rd,1803,Pleasant Ridge,Rd
1812-B Gatewood Ave,1812,Gatewood,Ave
1815 Curry St,1815,Curry,St
1819 Acorn Rd,1819,Acorn,Rd
1903 Ryan St,1903,Ryan,St
1903 Willow Rd,1903,Willow,Rd
1907 Natchez Trce,1907,Natchez,Trce
1907-A Allyson Ave,1907,Allyson,Ave
1908 Selkirk Dr,1908,Selkirk,Dr
1908 Van Wert St,1908,Van Wert,St
1912-D Phillips Ave,1912,Phillips,Ave
1912-M Phillips Ave,1912,Phillips,Ave
1916-L Phillips Ave,1916,Phillips,Ave
2000 S Benbow Rd,2000,S Benbow,Rd
2000 S Benbow Rd,2000,S Benbow,Rd
2000 Veasley St,2000,Veasley,St
2003 Oneill Pl,2003,Oneill,Pl
2009 Todd St,2009,Todd,St
2018 Potomac Dr,2018,Potomac,Dr
201-K Holt Ave,201,Holt,Ave
2029 E Florida St,2029,E Florida,St
2041 Fleming Rd,2041,Fleming,Rd
207 Greenbriar Rd,207,Greenbriar,Rd
207 Shaw St,207,Shaw,St
207-B Shaw St,207,Shaw,St
2100 E Wendover Ave,2100,E Wendover,Ave
2100 E Wendover Ave,2100,E Wendover,Ave
1507 Avalon Rd,1507,Avalon,Rd
1601 Alice Ave,1601,Alice,Ave
4101 Baylor St,4101,Baylor,St
4600 Chaucer Dr,4600,Chaucer,Dr
5700 Old Oak Ridge Rd,5700,Old Oak Ridge,Rd
2201 E Florida St,2201,E Florida,St
816 Holt Ave,816,Holt,Ave
602 W Friendly Ave,602,W Friendly,Ave
2810 Camborne St,2810,Camborne,St
2227 Tillman Ave,2227,Tillman,Ave
1203 Hickory Ave,1203,Hickory,Ave
1310-M Fleming Rd,1310,Fleming,Rd
3904-F Overland Hts,3904,Overland,Hts
2000 S Benbow Rd,2000,S Benbow,Rd
511 Corliss St,511,Corliss,St
814 Dillard St,814,Dillard,St
1507-A Glenside Dr,1507,Glenside,Dr
1107 Omaha St,1107,Omaha,St
2211 New Castle Rd,2211,New Castle,Rd
2211 Wise Owl Dr,2211,Wise Owl,Dr
2445 North Beech Ln,2445,North Beech,Ln
2410 North Beech Ln,2410,North Beech,Ln
1001 Hern Ave,1001,Hern,Ave
2307 Yow Rd,2307,Yow,Rd
3012 Tew St,3012,Tew,St
4 Checkerberry Sq,4,Checkerberry,Sq
811 Logan St,811,Logan,St
1373-F302 Lees Chapel Rd,13732,Lees Chapel,Rd
2512 Dunnhill Dr,2512,Dunnhill,Dr
9 Round Oak Ct,9,Round Oak,Ct
1373-J107 Lees Chapel Rd,1373,Lees Chapel,Rd
3703 W Gate City Blvd,3703,W Gate City,Blvd
2727-A Spring Garden St,2727,Spring Garden,St
4208 Galway Dr,4208,Galway,Dr
2605 Foch St,2605,Foch,St
618 N Tremont Dr,618,N Tremont,Dr
404 Victoria St,404,Victoria,St
2041 Fleming Rd,2041,Fleming,Rd
2237 Bradley St,2237,Bradley,St
3706 Sherbourne Ln,3706,Sherbourne,Ln
603 Shirley Ln,603,Shirley,Ln
229-F Wind Rd,229,Wind,Rd
2804 Bears Creek Rd,2804,Bears Creek,Rd
1308 Elmer St,1308,Elmer,St
1819 Acorn Rd,1819,Acorn,Rd
311 Leftwich St,311,Leftwich,St
1903 Ryan St,1903,Ryan,St
701 Kirkman St,701,Kirkman,St
741 Park Ave,741,Park,Ave
1310 Ardmore Dr,1310,Ardmore,Dr
1702 Trogdon St,1702,Trogdon,St
1605 Trogdon St,1605,Trogdon,St
2505 Denise Dr,2505,Denise,Dr
4100 Summerglen Dr,4100,Summerglen,Dr
2009 Todd St,2009,Todd,St
4103 Summerglen Dr,4103,Summerglen,Dr
2029 E Florida St,2029,E Florida,St
4101 Galway Dr,4101,Galway,Dr
4007 Wexford Dr,4007,Wexford,Dr
4309 United St,4309,United,St
201-K Holt Ave,201,Holt,Ave
4501 Swift St,4501,Swift,St
420 Rocky Knoll Rd,420,Rocky Knoll,Rd
1907 Natchez Trce,1907,Natchez,Trce
3862 Green Point Dr,3862,Green Point,Dr
2224 Revelle Ln,2224,Revelle,Ln
1724 Hertford St,1724,Hertford,St
1706 Hertford St,1706,Hertford,St
1702 Hertford St,1702,Hertford,St
1304 Valleyview St,1304,Valleyview,St
3304-D Trent St,3304,Trent,St
5 Pipers Glen Ct,5,Pipers Glen,Ct
207-B Shaw St,207,Shaw,St
5310-D Fox Cove Ln,5310,Fox Cove,Ln
720 Warren St,720,Warren,St
301 Gant St,301,Gant,St
802 W Florida St,802,W Florida,St
3856 Green Point Dr,3856,Green Point,Dr
1505 Pichard St,1505,Pichard,St
762 Chestnut St,762,Chestnut,St
1317 Cypress St,1317,Cypress,St
1403 Cypress St,1403,Cypress,St
1402 Cypress St,1402,Cypress,St
207 Shaw St,207,Shaw,St
423 High St,423,High,St
3505 Greenwood Ter,3505,Greenwood,Ter
3505 Greenwood Ter,3505,Greenwood,Ter
1812-B Gatewood Ave,1812,Gatewood,Ave
702 Pisgah Church Rd,702,Pisgah Church,Rd
102-203 Sunset Cir,102,Sunset,Cir
4819 Shady Pine Dr,4819,Shady Pine,Dr
1311 Ardmore Dr,1311,Ardmore,Dr
808-B Warehouse St,808,Warehouse,St
5417 Sapp Rd,5417,Sapp,Rd
1314 Lees Chapel Rd,1314,Lees Chapel,Rd
900 Douglas St,900,Douglas,St
2200 Wythe St,2200,Wythe,St
2700-L Buchanan Rd,2700,Buchanan,Rd
1912-D Phillips Ave,1912,Phillips,Ave
2100 E Wendover Ave,2100,E Wendover,Ave
1620 Glenwood Ave,1620,Glenwood,Ave
2716 Azalea Dr,2716,Azalea,Dr
1373 Lees Chapel Rd,1373,Lees Chapel,Rd
1709 Hertford St,1709,Hertford,St
1606 Midway St,1606,Midway,St
1715 Hertford St,1715,Hertford,St
3701 Obriant Pl,3701,Obriant,Pl
1118 Rucker St,1118,Rucker,St
1373-Q203 Lees Chapel Rd,1373,Lees Chapel,Rd
3516-F Lynhaven Dr,3516,Lynhaven,Dr
3511 Darden Rd,3511,Darden,Rd
2317 Fortune Ln,2317,Fortune,Ln
601 Friendly Center Rd,601,Friendly Center,Rd
5904 Pine Branch Dr,5904,Pine Branch,Dr
1373-J304 Lees Chapel Rd,1373,Lees Chapel,Rd
2418 Cypress St,2418,Cypress,St
2220 Wythe St,2220,Wythe,St
604 Willard St,604,Willard,St
1903 Willow Rd,1903,Willow,Rd
4715 Eagle Rock Rd,4715,Eagle Rock,Rd
1215 Kindley St,1215,Kindley,St
1916-L Phillips Ave,1916,Phillips,Ave
1907-A Allyson Ave,1907,Allyson,Ave
2503 Ponderosa Dr,2503,Ponderosa,Dr
2525 Ponderosa Dr,2525,Ponderosa,Dr
1110 Omaha St,1110,Omaha,St
505 Abington Dr,505,Abington,Dr
1815 Curry St,1815,Curry,St
740 Chestnut St,740,Chestnut,St
373-CE E Montcastle Dr,373,E Montcastle,Dr
1214 Homeland Ave,1214,Homeland,Ave
207 Greenbriar Rd,207,Greenbriar,Rd
3102 Pine Cone Trl,3102,Pine Cone,Trl
2400 Brye Ct,2400,Brye,Ct
2402 Brye Ct,2402,Brye,Ct
3403 Shallowford Dr,3403,Shallowford,Dr
2114 Pebble Dr,2114,Pebble,Dr
910 Park Ave,910,Park,Ave
5705 Pinehaven Dr,5705,Pinehaven,Dr
1303 Ashe St,1303,Ashe,St
2003 Oneill Pl,2003,Oneill,Pl
1803 Pleasant Ridge Rd,1803,Pleasant Ridge,Rd
3700 Cascade Dr,3700,Cascade,Dr
1607 Foxhollow Rd,1607,Foxhollow,Rd
3013 Amidon Dr,3013,Amidon,Dr
3102 Immanuel Rd,3102,Immanuel,Rd
2206 Wythe St,2206,Wythe,St
809 Aladdin St,809,Aladdin,St
2328 W Vandalia Rd,2328,W Vandalia,Rd
2508 Ponderosa Dr,2508,Ponderosa,Dr
3624 Belmont St,3624,Belmont,St
2209 Randleman Rd,2209,Randleman,Rd
3604 Burlington Rd,3604,Burlington,Rd
1908 Selkirk Dr,1908,Selkirk,Dr
1305 Bridford Pkwy,1305,Bridford,Pkwy
2503 Yow Rd,2503,Yow,Rd
2309 Yow Rd,2309,Yow,Rd
2305 Yow Rd,2305,Yow,Rd
1115 Tuscaloosa St,1115,Tuscaloosa,St
7 Tarrywood Ct,7,Tarrywood,Ct
1309 Lexington Ave,1309,Lexington,Ave
6720 River Hills Dr,6720,River Hills,Dr
3700 Obriant Pl,3700,Obriant,Pl
6121 Muirfield Dr,6121,Muirfield,Dr
6117 Muirfield Dr,6117,Muirfield,Dr
3708 Winged Foot Dr,3708,Winged Foot,Dr
808 Lexington Ave,808,Lexington,Ave
810 Lexington Ave,810,Lexington,Ave
1373-F306 Lees Chapel Rd,1373,Lees Chapel,Rd
3004 Shallowford Dr,3004,Shallowford,Dr
807 Lexington Ave,807,Lexington,Ave
810 Lexington Ave,810,Lexington,Ave
1503 Independence Rd,1503,Independence,Rd
809 Lexington Ave,809,Lexington,Ave
1208 Vine St,1208,Vine,St
1308 Cypress St,1308,Cypress,St
5305 Old Lake Jeanette Rd,5305,Old Lake Jeanette,Rd
915 Mccormick St,915,Mccormick,St
917 Mccormick St,917,Mccormick,St
607 Candlewood Dr,607,Candlewood,Dr
1208 Eton Dr,1208,Eton,Dr
2127 Mckelvey Dr,2127,Mckelvey,Dr
504 Creek Ridge Rd,504,Creek Ridge,Rd
2305 Lourance Blvd,2305,Lourance,Blvd
2513 Lakeshore Dr,2513,Lakeshore,Dr
106 Nut Bush Rd,106,Nut Bush,Rd
2000 Veasley St,2000,Veasley,St
3102 Immanuel Rd,3102,Immanuel,Rd
4012 Marchester Way,4012,Marchester,Way
2603 Aster Dr,2603,Aster,Dr
1115 Stephens St,1115,ephens,St
2429 New Orleans St,2429,New Orleans,St
922 Vance St,922,Vance,St
2100 E Wendover Ave,2100,E Wendover,Ave
1705 Bearhollow Rd,1705,Bearhollow,Rd
1717 Bearhollow Rd,1717,Bearhollow,Rd
808 Borders Ter,808,Borders,Ter
1309 Oak St,1309,Oak,St
1908 Van Wert St,1908,Van Wert,St
2018 Potomac Dr,2018,Potomac,Dr
1309 Lexington Ave,1309,Lexington,Ave
2803-A Mcconnell Rd,2803,Mcconnell,Rd
948 Walker Ave,948,Walker,Ave
2000 S Benbow Rd,2000,S Benbow,Rd
1400 Larchmont Dr,1400,Larchmont,Dr
1420 Larchmont Dr,1420,Larchmont,Dr
2213 Pear St,2213,Pear,St
3230-C S Holden Rd,3230,S Holden,Rd
2318 Bonaire Ln,2318,Bonaire,Ln
3512 Regents Park Ln,3512,Regents Park,Ln
2701 Dumont Dr,2701,Dumont,Dr
1102 Summit Ave,1102,Summit,Ave
512 Pine St,512,Pine,St
927 Foushee St,927,Foushee,St
1601 E Washington St,1601,E Washington,St
5701 Ruffin Rd,5701,Ruffin,Rd
2313 Glenhaven Dr,2313,Glenhaven,Dr
3713 Brevard St,3713,Brevard,St
500 Northridge St,500,Northridge,St
608 Jennifer St,608,Jennifer,St
1402 Town St,1402,Town,St
1405 Town St,1405,Town,St
606 Coronado Dr,606,Coronado,Dr
3312 Bryson St,3312,Bryson,St
1531 Willomore St,1531,Willomore,St
1607 Hooks St,1607,Hooks,St
4010 W Wendover Ave,4010,W Wendover,Ave
516 Broad Ave,516,Broad,Ave
808 Warehouse St,808,Warehouse,St
2106 Patterson St,2106,Patterson,St
2413 Dellwood Dr,2413,Dellwood,Dr
2704 Orange St,2704,Orange,St
1421 E Cone Blvd,1421,E Cone,Blvd
1505 Gorrell St,1505,Gorrell,St
1507 Gorrell St,1507,Gorrell,St
1611 Seventeenth St,1611,Seventeenth,St
4518 Swift St,4518,Swift,St
2205 Murrayhill Rd,2205,Murrayhill,Rd
512 Orlon Pl,512,Orlon,Pl
611 Bennett St,611,Bennett,St
516-B S Mendenhall St,516,S Mendenhall,St
850 Rugby St,850,Rugby,St
3430 Martin Ave,3430,Martin,Ave
1314 Joyce St,1314,Joyce,St
614 Holt Ave,614,Holt,Ave
1501 Kay St,1501,Kay,St
2409 E Florida St,2409,E Florida,St
3602 N Elm St,3602,N Elm,St
1373-B105 Lees Chapel Rd,1373,Lees Chapel,Rd
3923 Pondfield Ct,3923,Pondfield,Ct
1509 Ward St,1509,Ward,St
4706 Beechcroft Dr,4706,Beechcroft,Dr
4709 Beechcroft Dr,4709,Beechcroft,Dr
1912-M Phillips Ave,1912,Phillips,Ave
2106 Patterson St,2106,Patterson,St
2114 Pebble Dr,2114,Pebble,Dr
2127 Mckelvey Dr,2127,Mckelvey,Dr
2200 Wythe St,2200,Wythe,St
2201 E Florida St,2201,E Florida,St
2205 Murrayhill Rd,2205,Murrayhill,Rd
2206 Wythe St,2206,Wythe,St
2209 Randleman Rd,2209,Randleman,Rd
2211 New Castle Rd,2211,New Castle,Rd
2211 Wise Owl Dr,2211,Wise Owl,Dr
2213 Pear St,2213,Pear,St
2220 Wythe St,2220,Wythe,St
2224 Revelle Ln,2224,Revelle,Ln
2227 Tillman Ave,2227,Tillman,Ave
2237 Bradley St,2237,Bradley,St
229-F Wind Rd,229,Wind,Rd
2305 Lourance Blvd,2305,Lourance,Blvd
2305 Yow Rd,2305,Yow,Rd
2307 Yow Rd,2307,Yow,Rd
2309 Yow Rd,2309,Yow,Rd
2313 Glenhaven Dr,2313,Glenhaven,Dr
2317 Fortune Ln,2317,Fortune,Ln
2318 Bonaire Ln,2318,Bonaire,Ln
2328 W Vandalia Rd,2328,W Vandalia,Rd
2400 Brye Ct,2400,Brye,Ct
2402 Brye Ct,2402,Brye,Ct
2409 E Florida St,2409,E Florida,St
2410 North Beech Ln,2410,North Beech,Ln
2413 Dellwood Dr,2413,Dellwood,Dr
2418 Cypress St,2418,Cypress,St
2429 New Orleans St,2429,New Orleans,St
2445 North Beech Ln,2445,North Beech,Ln
2503 Ponderosa Dr,2503,Ponderosa,Dr
2503 Yow Rd,2503,Yow,Rd
2505 Denise Dr,2505,Denise,Dr
2508 Ponderosa Dr,2508,Ponderosa,Dr
2512 Dunnhill Dr,2512,Dunnhill,Dr
2513 Lakeshore Dr,2513,Lakeshore,Dr
2525 Ponderosa Dr,2525,Ponderosa,Dr
2603 Aster Dr,2603,Aster,Dr
2605 Foch St,2605,Foch,St
2700-L Buchanan Rd,2700,Buchanan,Rd
2701 Dumont Dr,2701,Dumont,Dr
2704 Orange St,2704,Orange,St
2716 Azalea Dr,2716,Azalea,Dr
2727-A Spring Garden St,2727,Spring Garden,St
2803-A Mcconnell Rd,2803,Mcconnell,Rd
2804 Bears Creek Rd,2804,Bears Creek,Rd
2810 Camborne St,2810,Camborne,St
3004 Shallowford Dr,3004,Shallowford,Dr
301 Gant St,301,Gant,St
3012 Tew St,3012,Tew,St
3013 Amidon Dr,3013,Amidon,Dr
3102 Immanuel Rd,3102,Immanuel,Rd
3102 Immanuel Rd,3102,Immanuel,Rd
3102 Pine Cone Trl,3102,Pine Cone,Trl
311 Leftwich St,311,Leftwich,St
3230-C S Holden Rd,3230,S Holden,Rd
3304-D Trent St,3304,Trent,St
3312 Bryson St,3312,Bryson,St
3403 Shallowford Dr,3403,Shallowford,Dr
3430 Martin Ave,3430,Martin,Ave
3505 Greenwood Ter,3505,Greenwood,Ter
3505 Greenwood Ter,3505,Greenwood,Ter
3511 Darden Rd,3511,Darden,Rd
3512 Regents Park Ln,3512,Regents Park,Ln
3516-F Lynhaven Dr,3516,Lynhaven,Dr
3602 N Elm St,3602,N Elm,St
3604 Burlington Rd,3604,Burlington,Rd
3624 Belmont St,3624,Belmont,St
3700 Cascade Dr,3700,Cascade,Dr
3700 Obriant Pl,3700,Obriant,Pl
3701 Obriant Pl,3701,Obriant,Pl
3703 W Gate City Blvd,3703,W Gate City,Blvd
3706 Sherbourne Ln,3706,Sherbourne,Ln
3708 Winged Foot Dr,3708,Winged Foot,Dr
3713 Brevard St,3713,Brevard,St
373-CE E Montcastle Dr,373,E Montcastle,Dr
3856 Green Point Dr,3856,Green Point,Dr
3862 Green Point Dr,3862,Green Point,Dr
3904-F Overland Hts,3904,Overland,Hts
3923 Pondfield Ct,3923,Pondfield,Ct
4 Checkerberry Sq,4,Checkerberry,Sq
4007 Wexford Dr,4007,Wexford,Dr
4010 W Wendover Ave,4010,W Wendover,Ave
4012 Marchester Way,4012,Marchester,Way
404 Victoria St,404,Victoria,St
4100 Summerglen Dr,4100,Summerglen,Dr
4101 Baylor St,4101,Baylor,St
4101 Galway Dr,4101,Galway,Dr
4103 Summerglen Dr,4103,Summerglen,Dr
420 Rocky Knoll Rd,420,Rocky Knoll,Rd
4208 Galway Dr,4208,Galway,Dr
423 High St,423,High,St
4309 United St,4309,United,St
4501 Swift St,4501,Swift,St
4518 Swift St,4518,Swift,St
4600 Chaucer Dr,4600,Chaucer,Dr
4706 Beechcroft Dr,4706,Beechcroft,Dr
4709 Beechcroft Dr,4709,Beechcroft,Dr
4715 Eagle Rock Rd,4715,Eagle Rock,Rd
4819 Shady Pine Dr,4819,Shady Pine,Dr
5 Pipers Glen Ct,5,Pipers Glen,Ct
500 Northridge St,500,Northridge,St
504 Creek Ridge Rd,504,Creek Ridge,Rd
505 Abington Dr,505,Abington,Dr
511 Corliss St,511,Corliss,St
512 Orlon Pl,512,Orlon,Pl
512 Pine St,512,Pine,St
516 Broad Ave,516,Broad,Ave
516-B S Mendenhall St,516,S Mendenhall,St
5305 Old Lake Jeanette Rd,5305,Old Lake Jeanette,Rd
5310-D Fox Cove Ln,5310,Fox Cove,Ln
5417 Sapp Rd,5417,Sapp,Rd
5700 Old Oak Ridge Rd,5700,Old Oak Ridge,Rd
5701 Ruffin Rd,5701,Ruffin,Rd
5705 Pinehaven Dr,5705,Pinehaven,Dr
5904 Pine Branch Dr,5904,Pine Branch,Dr
601 Friendly Center Rd,601,Friendly Center,Rd
602 W Friendly Ave,602,W Friendly,Ave
603 Shirley Ln,603,Shirley,Ln
604 Willard St,604,Willard,St
606 Coronado Dr,606,Coronado,Dr
607 Candlewood Dr,607,Candlewood,Dr
608 Jennifer St,608,Jennifer,St
611 Bennett St,611,Bennett,St
6117 Muirfield Dr,6117,Muirfield,Dr
6121 Muirfield Dr,6121,Muirfield,Dr
614 Holt Ave,614,Holt,Ave
618 N Tremont Dr,618,N Tremont,Dr
6720 River Hills Dr,6720,River Hills,Dr
7 Tarrywood Ct,7,Tarrywood,Ct
701 Kirkman St,701,Kirkman,St
702 Pisgah Church Rd,702,Pisgah Church,Rd
720 Warren St,720,Warren,St
740 Chestnut St,740,Chestnut,St
741 Park Ave,741,Park,Ave
762 Chestnut St,762,Chestnut,St
802 W Florida St,802,W Florida,St
807 Lexington Ave,807,Lexington,Ave
808 Borders Ter,808,Borders,Ter
808 Lexington Ave,808,Lexington,Ave
808 Warehouse St,808,Warehouse,St
808-B Warehouse St,808,Warehouse,St
809 Aladdin St,809,Aladdin,St
809 Lexington Ave,809,Lexington,Ave
810 Lexington Ave,810,Lexington,Ave
810 Lexington Ave,810,Lexington,Ave
811 Logan St,811,Logan,St
814 Dillard St,814,Dillard,St
816 Holt Ave,816,Holt,Ave
850 Rugby St,850,Rugby,St
9 Round Oak Ct,9,Round Oak,Ct
900 Douglas St,900,Douglas,St
910 Park Ave,910,Park,Ave
915 Mccormick St,915,Mccormick,St
917 Mccormick St,917,Mccormick,St
922 Vance St,922,Vance,St
927 Foushee St,927,Foushee,St
948 Walker Ave,948,Walker,Ave

